id,name,price,sale_price,style,sales,type,color,date,url
1_000526256_SB13-32564,男裝棉質舒適角扣翻領襯衫,2299.0,1609.0,000526256,8,不顯示,暗紅色,2020-01-08 15:00:52,https://awsresources.baozun.com/aws/96001088/20200106/39B91F2075654E5FF20959BFB92C13E1.jpg
1_000443313_SM14-32277,男裝棉質微彈翻領牛仔衣,2999.0,2099.0,000443313,7,不顯示,做舊牛仔藍,2019-12-11 14:23:46,https://awsresources.baozun.com/aws/96001088/20200323/A615DA2966C797EF8C83B86B4473751D.jpg
1_000844062_FA14-32471,男裝基本款復古水洗彈力修身斜紋棉布褲,1999.0,999.0,000844062,9,不顯示,石板靛藍,2020-03-13 16:55:04,https://awsresources.baozun.com/aws/96001088/20200103/FBC3361B85005142630DB8C9EF4AF1CD.jpg
1_000567863_SP20-41292,男裝Logo棉質刷毛內裡連帽外套,1999.0,999.0,000567863,15,不顯示,綠松藍,2020-03-10 09:58:34,https://awsresources.baozun.com/aws/96001088/20200204/C7796B5AB5174EE8E2BA0772BEC95805.jpg
488108CARLS STONE,男裝Logo長袖套頭連帽休閒上衣,1999.0,999.0,000488108,121,不顯示,灰白色,2020-02-21 17:27:32,https://awsresources.baozun.com/aws/96001088/20200323/E1E1E07392E9B50D55586CFAD53C8156.jpg
1_000567865_H105-11304,男裝棉質毛圈布拉鍊連帽衫,1699.0,799.0,000567865,5,不顯示,海軍藍,2020-02-21 17:27:32,https://awsresources.baozun.com/aws/96001088/20200407/2809A14CEAB637F7C4806676A8BD4C08.jpg
1_000567863_FA14-32486,男裝Logo棉質刷毛內裡連帽外套,1999.0,1399.0,000567863,5,不顯示,綠色格紋,2020-03-11 15:46:30,https://awsresources.baozun.com/aws/96001088/20200311/E2B19EB06237DA182DBF9ABC380848A8.jpg
1_000567861_SP20-41304,男裝Logo棉質毛圈布套頭連帽衫,1999.0,999.0,000567861,15,不顯示,紫色,2020-03-10 09:58:34,https://awsresources.baozun.com/aws/96001088/20200204/42121D7442BEE667B72F7E41E98C14AA.jpg
1_000567863_SB13-32294,男童Logo棉質刷毛內裡連帽外套,1999.0,999.0,000567863,33,不顯示,紅色,2020-02-27 11:48:36,https://awsresources.baozun.com/aws/96001088/20200217/CD32278D866A6C62F2F7C3EE1493184C.jpg
1_000567872_FA14-32631,男裝Logo棉質毛圈布套頭休閒上衣,1699.0,849.0,000567872,12,不顯示,麻灰色,2020-02-21 17:27:32,https://awsresources.baozun.com/aws/96001088/20200410/9133FBB6DDE8AA1F6392767914C6A3C4.jpg
1_000567863_FA14-32631,男裝Logo棉質刷毛內裡連帽外套,1999.0,999.0,000567863,21,不顯示,麻灰色,2020-03-11 15:46:30,https://awsresources.baozun.com/aws/96001088/20200323/46ABD9E2741D0CC6106E1DD569D6F10F.jpg
1_000567863_H105-11304,男裝Logo棉質刷毛內裡連帽外套,1999.0,999.0,000567863,59,不顯示,織錦海軍藍,2020-03-11 15:46:30,https://awsresources.baozun.com/aws/96001088/20200323/217BC558D5EE038BB5985E8F73F8734E.jpg
1_000567865_FA14-32631,男裝棉質縮口拉鍊連帽外套,1699.0,1189.0,000567865,6,不顯示,麻灰色,2020-04-28 10:23:34,https://awsresources.baozun.com/aws/96001088/20200323/0060466E32D9BB8E31B333792663A643.jpg
1_000567861_FA14-32631,男裝Logo棉質毛圈布套頭連帽衫,1999.0,999.0,000567861,31,不顯示,麻灰色,2020-02-21 17:27:32,https://awsresources.baozun.com/aws/96001088/20200407/EFDC898C90B58A86C7AE7928A32F7E0D.jpg
490384B10 GREY HEATHER,男裝Logo簡約純色連帽休閒外套,1999.0,999.0,000490384,208,不顯示,麻灰色,2020-05-18 10:37:36,https://awsresources.baozun.com/aws/96001088/20200323/C6A9B760BA6213B3C05F644DA6739886.jpg
1_000567865_FA11-07290,男裝棉質毛圈布拉鍊連帽衫,1699.0,1189.0,000567865,7,不顯示,純正黑色,2020-03-11 15:46:30,https://awsresources.baozun.com/aws/96001088/20200217/101DAF12DB3B3AABC89CAFAFE1A7A180.jpg
1_000567872_M114-33829,男裝Logo棉質毛圈布套頭休閒上衣,1699.0,1189.0,000567872,23,不顯示,淺藍色,2020-03-11 15:46:30,https://awsresources.baozun.com/aws/96001088/20200206/A932FD3DDBF0AB5D4A6348B5BB434F6C.jpg
1_000528205_SB13-32294,男裝活力亮沙拉鍊開襟連帽衫,2699.0,1889.0,000528205,8,不顯示,紅色,2020-02-21 17:27:33,https://awsresources.baozun.com/aws/96001088/20200224/226F5FD50F42E515F1391D0D6FEDD28E.jpg
1_000567861_H105-11304,男裝Logo棉質連帽休閒上衣,1999.0,999.0,000567861,18,不顯示,海軍藍,2020-03-17 16:02:10,https://awsresources.baozun.com/aws/96001088/20200323/C1E3410AABCCBE4753834B73901A2830.jpg
1_000567872_H105-11304,男裝Logo棉質縮口休閒上衣,1699.0,849.0,000567872,36,不顯示,海軍藍,2020-05-26 11:40:55,https://awsresources.baozun.com/aws/96001088/20200217/40ABF1E5FFC2EA2111683C10CE8C7684.jpg
1_000567861_H108-10187,男裝Logo棉質毛圈布套頭連帽衫,1999.0,999.0,000567861,24,不顯示,玫紅色,2020-02-21 17:27:33,https://awsresources.baozun.com/aws/96001088/20200204/BDAE5E69BCCE647D5A5A200E13DFCAF5.jpg
488108TRUE BLACK V2 2,男裝Logo長袖套頭連帽休閒上衣,1999.0,999.0,000488108,149,不顯示,純正黑,2020-02-21 17:27:33,https://awsresources.baozun.com/aws/96001088/20190923/4A5F72B5A7DAA3D37EDAE78712E41BE7.jpg
1_000528205_F108-03389,男裝活力亮沙拉鍊開襟連帽衫,2699.0,1889.0,000528205,7,不顯示,海軍藍,2020-02-21 17:27:33,https://awsresources.baozun.com/aws/96001088/20200224/96A3C77A3DF4F1EF9476445E59E5F15B.jpg
490384TAPESTRY NAVY,男裝Logo簡約純色連帽休閒外套,1999.0,999.0,000490384,178,不顯示,海軍藍,2020-05-18 10:37:36,https://awsresources.baozun.com/aws/96001088/20190816/517904D2A1658116DEB7D4B6327ED5FB.jpg
490384TRUE BLACK V2 2,男裝Logo簡約純色連帽休閒外套,1999.0,999.0,000490384,140,不顯示,純正黑,2020-05-18 10:37:36,https://awsresources.baozun.com/aws/96001088/20190816/BD0DC4B1ECEE86EDDFCCAAF5B06B1D25.jpg
1_000567861_FA11-07290,男裝Logo棉質毛圈布套頭連帽衫,1999.0,999.0,000567861,25,不顯示,純正黑色,2020-02-21 17:27:34,https://awsresources.baozun.com/aws/96001088/20200410/2F1CBB3EEF336648F0BCFBE8E5DED244.jpg
488109TAPESTRY NAVY,男裝Logo拉鍊長袖連帽休閒上衣,1999.0,999.0,000488109,183,不顯示,海軍藍,2020-02-21 17:27:34,https://awsresources.baozun.com/aws/96001088/20190831/19F3DB39672FB2CB1874FA52593E2BAA.jpg
1_000513872_M214-33637,男裝Logo徽標保暖加絨圓領套頭休閒上衣,1699.0,1189.0,000513872,26,不顯示,深葡萄色,2020-03-04 17:54:14,https://awsresources.baozun.com/aws/96001088/20200224/6555DBBC0C0D5BF7A6546CAD8307B196.jpg
488109CLIMBING IVY 19-0307T,男裝Logo拉鍊長袖連帽休閒上衣,1999.0,999.0,000488109,138,不顯示,橄欖綠,2020-03-04 17:54:28,https://awsresources.baozun.com/aws/96001088/20190831/FEA1CEBD1FC7D7C391A44BF87D5094CD.jpg
490386B10 GREY HEATHER,男裝Logo簡約純色連帽上衣,1999.0,999.0,000490386,120,不顯示,麻灰色,2020-05-18 10:37:36,https://awsresources.baozun.com/aws/96001088/20190816/7B4BEE652D37FC9495E1D9AF4E670AF3.jpg
490386CARLS STONE,男裝Logo簡約純色連帽上衣,1999.0,999.0,000490386,194,不顯示,灰白色,2020-05-18 10:37:36,https://awsresources.baozun.com/aws/96001088/20200323/9E81DDE9876EE37312B683BF20AFE7FA.jpg
490386TRUE BLACK V2 2,男裝Logo簡約純色連帽上衣,1999.0,999.0,000490386,162,不顯示,純正黑,2020-05-18 10:37:36,https://awsresources.baozun.com/aws/96001088/20190816/CA6A4E9393633DE7F1A9D2CBE9261287.jpg
1_000567941_SM17-35368,女裝Logo棉質縮口拉鍊連帽外套,1999.0,999.0,000567941,24,不顯示,灰白色,2020-03-17 16:02:11,https://awsresources.baozun.com/aws/96001088/20200323/752146450A7BCC0794203E3A8D607CCD.jpg
1_000567941_HO10-11603,女裝Logo棉質縮口拉鍊連帽外套,1999.0,999.0,000567941,55,不顯示,海軍藍色,2020-03-17 16:02:11,https://awsresources.baozun.com/aws/96001088/20200323/F1DC2A62E9E7B1683BBA5CDF0A196265.jpg
1_000567941_HO15-34044,女裝Logo棉質縮口拉鍊連帽外套,1999.0,999.0,000567941,32,不顯示,亮麻灰色,2020-03-17 16:02:11,https://awsresources.baozun.com/aws/96001088/20200323/EE1BBEBEB980F5B5A5E429860EA049A2.jpg
1_000544829_HO13-30733,女裝Logo徽標棉質毛圈布套頭連帽衫,1499.0,1049.0,000544829,2,不顯示,珊瑚色,2020-03-11 15:46:26,https://awsresources.baozun.com/aws/96001088/20200211/F6596CD8E3068C7243A0BE6736F8FCA7.jpg
1_000544829_SP14-34507,女裝Logo徽標棉質毛圈布套頭連帽衫,1499.0,1049.0,000544829,9,不顯示,光感雜灰,2020-03-11 15:46:26,https://awsresources.baozun.com/aws/96001088/20200224/552B81589CE2697FFF38E4EC4EFE8920.jpg
1_000525951_HO14-34520,女裝活力純色縮口抽繩連帽上衣,1799.0,899.0,000525951,3,不顯示,淺石楠灰,2020-04-09 10:16:00,https://awsresources.baozun.com/aws/96001088/20200211/8D443AA93CD06F78C56422C48BAA09FA.jpg
1_000544856_SP14-34507,女裝Logo基本款圓領休閒上衣,1499.0,1049.0,000544856,0,不顯示,170/108A(XL),2020-04-28 10:23:33,https://awsresources.baozun.com/aws/96001088/20200106/9FEC8226506DC06D9F8BCF664FD2B548.jpg
1_000544856_HO10-11603,女裝Logo基本款圓領休閒上衣,1499.0,749.0,000544856,0,不顯示,170/108A(XL),2020-04-28 10:23:33,https://awsresources.baozun.com/aws/96001088/20200106/E4FEDC24CA50320D414DB461B064DBA5.jpg
1_000525951_SP10-25689,女裝活力純色縮口抽繩連帽上衣,1799.0,899.0,000525951,0,不顯示,花藍色,2020-04-09 10:16:00,https://awsresources.baozun.com/aws/96001088/20200211/69C8D28F5A8C57CC201FB7C126970EAD.jpg
1_000525951_SM03-14829,女裝活力純色縮口抽繩連帽上衣,1799.0,899.0,000525951,1,不顯示,火烈鳥粉紅,2020-04-28 10:23:29,https://awsresources.baozun.com/aws/96001088/20200211/5B97612518436BD5ACEFDA1B32479A9D.jpg
1_000544829_HO10-11260,女裝Logo徽標棉質毛圈布套頭連帽衫,1499.0,749.0,000544829,8,不顯示,蔚藍色,2020-03-11 15:46:26,https://awsresources.baozun.com/aws/96001088/20200211/E56D43E793F02E3268E4CA5922D13016.jpg
495410LIGHT HEATHER GREY,女裝Logo長袖休閒連帽上衣,1699.0,849.0,000495410,219,不顯示,亮麻灰色,2020-03-19 11:50:26,https://awsresources.baozun.com/aws/96001088/20200311/A87DEB56599A77AFB09A3A4D69F5B667.jpg
495410NAVY UNIFORM,女裝Logo長袖休閒連帽上衣,1699.0,849.0,000495410,223,不顯示,海軍藍色,2020-03-25 11:16:47,https://awsresources.baozun.com/aws/96001088/20190831/8696DD77B06ABD8672EBE9ABF5C81E3E.jpg
1_000495427_HO15-34044,女裝Logo拉鍊休閒上衣,1999.0,999.0,000495427,42,不顯示,亮麻灰色,2020-03-04 17:54:08,https://awsresources.baozun.com/aws/96001088/20191109/B73EFBB7EA754DCF017C56A16AF7EC7C.jpg
199830TRUE BLACK V2 2,女裝簡約風格長袖抽繩外套,1299.0,909.0,000199830,23,不顯示,純正黑,2020-05-04 10:25:35,https://awsresources.baozun.com/aws/96001088/20190816/CAAD6DCB5D6DE46C7A4C6518B7A4D828.jpg
1_000239372_H106-10985,女裝水洗長袖西部風牛仔襯衫,1999.0,1399.0,000239372,45,不顯示,淺靛藍,2020-02-21 17:27:49,https://awsresources.baozun.com/aws/96001088/20191008/9CC1A311A6E58E3B5248E3EC2C8A6BAC.jpg
1_000524066_SB13-32284,女裝長袖翻領襯衫,1999.0,1399.0,000524066,11,不顯示,象牙白,2020-02-21 17:27:49,https://awsresources.baozun.com/aws/96001088/20191101/54BD7FF7FCEBA8456BFCE8AD0CAD4C5E.jpg
1_000541588_H107-09570,女裝工裝風格半高領外套,3499.0,2449.0,000541588,2,不顯示,橄欖綠,2020-05-18 10:37:32,https://awsresources.baozun.com/aws/96001088/20200320/B88B6C65917754E3E9B1C5A2E8DAF5DC.jpg
1_000541588_SP13-30106,女裝工裝風格半高領外套,3499.0,2449.0,000541588,4,不顯示,深海軍藍色,2020-05-18 10:37:32,https://awsresources.baozun.com/aws/96001088/20200211/57108B94D5F31156EF9D3B37DF207B06.jpg
501669MEDIUM INDIGO 6,女裝休閒直筒牛仔褲長褲,2699.0,1889.0,000501669,18,不顯示,中腰靛藍,2020-02-21 17:27:56,https://awsresources.baozun.com/aws/96001088/20191217/FBFECBF999C06A8E766EA1A1ABFC257D.jpg
240890MEDIUM INDIGO,女裝基本款時尚水洗緊身窄管牛仔褲,1999.0,1399.0,000240890,26,不顯示,中度靛藍,2020-05-18 10:37:35,https://awsresources.baozun.com/aws/96001088/20200224/1F392E305E652FEE9842C31AB27E4C29.jpg
1_000546829_H106-10991,女裝時尚水洗牛仔吊帶褲,2999.0,2099.0,000546829,17,不顯示,中度靛藍,2020-03-17 16:02:07,https://awsresources.baozun.com/aws/96001088/20200213/FFEDF3E24A2B938FC030C8C589F1988C.jpg
443225MEDIUM INDIGO 8,女裝塑形中腰緊身牛仔褲,2699.0,1889.0,000443225,26,不顯示,中度靛藍,2020-02-21 17:27:56,https://awsresources.baozun.com/aws/96001088/20190831/D7C8936E133F69C120FFD1B2B74CB9AA.jpg
1_000546831_H106-11037,女裝時尚水洗闊腿牛仔吊帶褲,2999.0,2099.0,000546831,13,不顯示,淺水洗藍,2020-03-17 16:02:07,https://awsresources.baozun.com/aws/96001088/20200513/C6DAD6CD499645A88C231085AE9F0014.jpg
440628LIGHT INDIGO 6,女裝淺色水洗五口袋牛仔褲,2699.0,1889.0,000440628,19,不顯示,淺水洗藍,2020-05-18 10:37:35,https://awsresources.baozun.com/aws/96001088/20190816/C1F511E40F1C6FEC7B8F7A9754306368.jpg
1_000546938_H106-10991,女裝棉質舒適直筒型牛仔褲,2699.0,1889.0,000546938,27,不顯示,中度靛藍,2020-02-21 17:27:57,https://awsresources.baozun.com/aws/96001088/20200102/4BA151C38A17CF302BFCD3614AD8789C.jpg
1_000546922_H106-11037,女裝棉質淺色彈力直筒牛仔褲,2699.0,1889.0,000546922,13,不顯示,淺水洗藍,2020-03-17 16:02:07,https://awsresources.baozun.com/aws/96001088/20200215/4A84CE5F659C6AA80E9F977F06895FED.jpg
1_000527979_F106-04396,女裝棉質舒適五口袋牛仔褲,1999.0,1399.0,000527979,6,不顯示,中度靛藍,2020-02-21 17:27:57,https://awsresources.baozun.com/aws/96001088/20200320/E072859F55576A746848A819A3FEA7F8.jpg
1_000519381_FA16-34836,女裝做舊風格破洞五口袋牛仔褲,2999.0,2099.0,000519381,2,不顯示,做舊淺靛藍,2020-02-21 17:27:57,https://awsresources.baozun.com/aws/96001088/20200323/2D29A6FA6223D461A0BB44F8AFCD8A31.jpg
440672DARK INDIGO V2,女裝做舊風格水洗牛仔褲,2699.0,1889.0,000440672,2,不顯示,藏青色,2020-05-18 10:37:35,https://awsresources.baozun.com/aws/96001088/20190816/6960C21947B3D748C24108D634670ACB.jpg
1_000546930_HO17-36756,女裝活力亮色五口袋牛仔褲,2999.0,2099.0,000546930,3,不顯示,淡褐色,2020-03-17 16:02:07,https://awsresources.baozun.com/aws/96001088/20200323/FAF63AEF0CC3165D57BB0628C7D7FB30.jpg
1_000499908_HO17-36798,女裝簡約純色五口袋牛仔長褲,1699.0,1189.0,000499908,9,不顯示,深靛藍色,2020-06-01 10:09:20,https://awsresources.baozun.com/aws/96001088/20200224/6C44B9E60B0CB8E1D5F120E1FCFA3F7C.jpg
488109B10 GREY HEATHER,男裝Logo拉鍊長袖連帽休閒上衣,1999.0,999.0,000488109,202,不顯示,麻灰色,2020-03-10 09:57:41,https://awsresources.baozun.com/aws/96001088/20190816/AE3DDC266A74C6FC3EB8C9158F64DD43.jpg
488108TAPESTRY NAVY,男裝Logo長袖套頭連帽休閒上衣,1999.0,999.0,000488108,220,不顯示,海軍藍,2020-03-04 17:54:28,https://awsresources.baozun.com/aws/96001088/20190923/C0DFADE448E9EAE5C6B57ED2F73FCD41.jpg
490384CLIMBING IVY 19-0307T,男裝簡約純色Logo徽標連帽休閒上衣,1999.0,999.0,000490384,45,不顯示,橄欖綠,2020-05-29 11:14:14,https://awsresources.baozun.com/aws/96001088/20190816/86B76A6D6F3DA2E5D11A267DCE7EE202.jpg
499904BALSAM TREE,男裝Logo圓領休閒上衣,1499.0,749.0,000499904,55,不顯示,香脂樹,2020-05-27 10:59:16,https://awsresources.baozun.com/aws/96001088/20190923/8E151C84AF02F21653DCF23E658977E7.jpg
490384DESERT SUNSET,男裝Logo簡約純色連帽休閒外套,1999.0,999.0,000490384,52,不顯示,橙黃色,2020-05-18 10:37:36,https://awsresources.baozun.com/aws/96001088/20190831/58E1591B750DE77AB1632FDA063B5261.jpg
440725TAPESTRY NAVY,男裝Logo雅致風格短袖Polo衫,999.0,699.0,000440725,50,不顯示,海軍藍,2020-03-25 11:16:46,https://awsresources.baozun.com/aws/96001088/20190816/084B0A6140567E73AA5793A387DD5C9E.jpg
459829NEW CLASSIC NAVY 2,男裝輕盈彈力修身中腰卡其褲,2299.0,1609.0,000459829,19,不顯示,經典新海軍藍,2020-04-24 10:26:22,https://awsresources.baozun.com/aws/96001088/20190816/2A0DB974F00F4CB757990BEFA80FCE6D.jpg
1_000509967_SP18-39126,男裝棉質舒適圓領套頭針織上衣,1499.0,1049.0,000509967,12,不顯示,織錦海軍藍,2020-02-21 17:27:39,https://awsresources.baozun.com/aws/96001088/20200323/CDA123B513157FD42EE97933648C1127.jpg
1_000509967_F106-04523,男裝棉質舒適圓領套頭針織上衣,1499.0,1049.0,000509967,11,不顯示,淺灰白,2020-03-04 17:54:12,https://awsresources.baozun.com/aws/96001088/20200323/79ADB0AD9D9136B14D179A1F82186355.jpg
1_000474789_M114-32742,男裝舒適長袖V領針織衫,1299.0,909.0,000474789,30,不顯示,經典駝色,2020-03-04 17:54:06,https://awsresources.baozun.com/aws/96001088/20190922/4212C7B64A859AC5543D4DB4311D0915.jpg
1_000474785_F108-03389,男裝舒適圓領長袖針織衫,1299.0,909.0,000474785,42,不顯示,海軍藍,2020-03-04 17:54:06,https://awsresources.baozun.com/aws/96001088/20191008/C9475B7156B1D677CDE5AE830B163219.jpg
1_000474789_HO11-11453,男裝舒適長袖V領針織衫,1299.0,909.0,000474789,34,不顯示,森林綠,2020-05-27 10:59:13,https://awsresources.baozun.com/aws/96001088/20191122/6664997531C267388CA8A7CA8227FA06.jpg
1_000474785_HO19-41186,男裝圓領長袖針織衫,1299.0,909.0,000474785,23,不顯示,綠色條紋,2020-03-04 17:54:06,https://awsresources.baozun.com/aws/96001088/20191129/BC5D2AA7DCC88EFBD26988987D6D04EC.jpg
1_000474780_H111-39913,男裝舒適竹節紋棉質插肩袖圓領針織衫,1499.0,1049.0,000474780,63,不顯示,燕麥色,2020-05-26 11:40:51,https://awsresources.baozun.com/aws/96001088/20191008/6854763DCFF7F34B0A028182622D0510.jpg
1_000474789_F108-39496,男裝舒適長袖V領針織衫,1299.0,909.0,000474789,31,不顯示,中度混合灰,2020-05-26 11:40:51,https://awsresources.baozun.com/aws/96001088/20190922/C7F8F524F8CC5F3E0B34DF3766F61613.jpg
1_000474785_HO12-28706,男裝舒適圓領長袖針織衫,1299.0,909.0,000474785,38,不顯示,石楠灰,2020-05-18 10:37:29,https://awsresources.baozun.com/aws/96001088/20200311/E8AE1005DA9F57B12AEFE108B0EBFE96.jpg
1_000474785_SB13-32706,男裝舒適圓領長袖針織衫,1299.0,909.0,000474785,28,不顯示,藍色條紋,2020-05-18 10:37:29,https://awsresources.baozun.com/aws/96001088/20190922/414980AB70D1BCE4350CD669B1DD3E58.jpg
499904GARNET,男裝Logo徽標時尚純色休閒上衣,1499.0,749.0,000499904,61,不顯示,石榴石色,2020-02-21 17:27:42,https://awsresources.baozun.com/aws/96001088/20190923/DDB44D4725DBBF120711BA8BDD6F99C9.jpg
499904CHARCOAL GREY,男裝Logo徽標時尚純色休閒上衣,1499.0,749.0,000499904,147,不顯示,炭灰,2020-03-04 17:54:33,https://awsresources.baozun.com/aws/96001088/20190923/A857E990D100F8DBE71BEF6102AD747E.jpg
227699BENGAL STRIPES,男裝基本款簡約休閒風格牛津紡長袖襯衫,1499.0,899.0,000227699,27,不顯示,條紋,2020-02-21 17:27:47,https://awsresources.baozun.com/aws/96001088/20190816/095D09282C47E7E75494561F4458FE77.JPG
227699BLUE OXFORD,男裝基本款簡約休閒風格牛津紡長袖襯衫,1499.0,899.0,000227699,86,不顯示,藍色牛津布,2020-02-21 17:27:47,https://awsresources.baozun.com/aws/96001088/20190816/63CC1859BE2D9F8F00178B1CC140C700.JPG
1_000500018_SM15-34710,男裝休閒角扣翻領襯衫,1499.0,899.0,000500018,7,不顯示,白顏色,2020-02-21 17:27:47,https://awsresources.baozun.com/aws/96001088/20200323/0B653517C9668B1A0CE7113E50656D2B.jpg
1_000497247_H112-29962,男裝翻領長袖牛仔襯衫,2299.0,1399.0,000497247,14,不顯示,淡雅藍,2020-03-02 15:00:20,https://awsresources.baozun.com/aws/96001088/20200513/027CEC864020F2E0E1A183A0DE37F66A.jpg
227699OPTIC WHITE,男裝基本款簡約休閒風格牛津紡長袖襯衫,1499.0,899.0,000227699,44,不顯示,光感白,2020-02-21 17:27:47,https://awsresources.baozun.com/aws/96001088/20190816/B2FED311B18F7CBAF6128543516908E3.jpg
441129BLUE GINGHAM 685,男裝柔軟彈力格紋府綢長袖鈕扣襯衫,1499.0,1049.0,000441129,20,不顯示,藍色方格花布,2020-05-18 10:37:35,https://awsresources.baozun.com/aws/96001088/20190816/B1FCA6C5349C690E016FABDD2D51DD6A.jpg
227699TAPESTRY NAVY,男裝基本款簡約休閒風格牛津紡長袖襯衫,1499.0,899.0,000227699,69,不顯示,海軍藍,2020-02-21 17:27:47,https://awsresources.baozun.com/aws/96001088/20190816/10EF3957FF14DEB22BB1EA79C31F6020.jpg
441129TAPESTRY NAVY,男裝柔軟彈力府綢長袖鈕扣襯衫,1499.0,1049.0,000441129,30,不顯示,海軍藍,2020-05-18 10:37:35,https://awsresources.baozun.com/aws/96001088/20190816/269EF3B6E3F1E9CC5FF856DBCBB4615F.jpg
1_000225678_SM14-32275,男裝基本款純棉西部風修身牛仔襯衫,1999.0,1199.0,000225678,120,不顯示,中度牛仔藍,2020-04-28 10:23:29,https://awsresources.baozun.com/aws/96001088/20200102/32BD61A3793063565249940874206018.jpg
500018BLUE STRIPE,男裝潮流條紋長袖紐扣襯衫,1499.0,899.0,000500018,22,不顯示,藍色條紋,2020-02-21 17:27:47,https://awsresources.baozun.com/aws/96001088/20190831/4430F97C65EDFE6476F268A08014555D.jpg
500049OPTIC WHITE,男裝基礎款純棉長袖休閒襯衫,1499.0,1049.0,000500049,17,不顯示,光感白,2020-02-21 17:27:47,https://awsresources.baozun.com/aws/96001088/20190816/F2F2FF51D7769F7B2A4FA6CF6170D1C8.jpg
1_000538064_BA00-00113,男裝工裝風格襯衫式牛仔服,3499.0,2449.0,000538064,1,不顯示,軍綠色,2020-03-17 16:01:57,https://awsresources.baozun.com/aws/96001088/20200224/6620ABA446B0A290B4A2896B1FFD8C96.jpg
441129LIGHT BLUE,男裝柔軟彈力府綢長袖鈕扣襯衫,1499.0,1049.0,000441129,25,不顯示,淺藍色,2020-05-18 10:37:35,https://awsresources.baozun.com/aws/96001088/20200513/759182155DBF2D5EF40AE10FEFC64B4A.jpg
1_000526256_F107-04936,男裝休閒舒適單口袋長袖襯衫,2299.0,1609.0,000526256,6,不顯示,綠色,2020-02-21 17:27:48,https://awsresources.baozun.com/aws/96001088/20191129/5E6219E3BB14DB19200B604E6779DD38.jpg
500018LIGHT BLUE,男裝基本款簡約休閒風格牛津紡長袖襯衫,1499.0,1049.0,000500018,17,不顯示,淺藍,2020-02-21 17:27:48,https://awsresources.baozun.com/aws/96001088/20190831/5AF5180BD5E2FB9D618EC6CDA394E454.jpg
500049DEEP COBALT COMBO,男裝基礎款純棉長袖休閒襯衫,1499.0,1049.0,000500049,11,不顯示,深藍色,2020-02-21 17:27:48,https://awsresources.baozun.com/aws/96001088/20200224/369C95D76BE983771067D3B5FD555B69.jpg
500018NAVY 001,男裝潮流純色長袖紐扣襯衫,1499.0,1049.0,000500018,29,不顯示,海軍藍地球刺繡,2020-02-21 17:27:48,https://awsresources.baozun.com/aws/96001088/20190831/FD37687A5DF460F18EEA003EB13CF34C.jpg
490408DARK INDIGO V2,男裝純棉休閒長袖牛仔襯衫,1999.0,1399.0,000490408,23,不顯示,藏青色,2020-05-18 10:37:36,https://awsresources.baozun.com/aws/96001088/20190816/6C8083F44A4B9E41D99BC69F33E320CF.jpg
199325RINSE,男裝直筒鈕扣開襟長袖牛仔夾克,2999.0,1799.0,000199325,33,不顯示,水洗藏藍,2020-02-21 17:27:50,https://awsresources.baozun.com/aws/96001088/20190816/0A5A545797F2D51A089CAE105E6DBAFE.jpg
398332MEDIUM INDIGO 4,男裝直筒鈕扣開襟長袖水洗牛仔夾克,2999.0,1799.0,000398332,80,不顯示,淺靛藍,2020-02-21 17:27:50,https://awsresources.baozun.com/aws/96001088/20191203/B10FE2FFAB1E50C36EC7BEDA9B3E1167.jpg
490114RINSED,男裝棉質休閒多口袋深色牛仔衣,2299.0,1399.0,000490114,33,不顯示,水洗色,2020-05-18 10:37:36,https://awsresources.baozun.com/aws/96001088/20190816/B9E3A5F4FEBE77EE322B990ABC0A76B5.jpg
1_000532296_FA15-33663,男裝做舊風格翻領牛仔外套,6999.0,4899.0,000532296,1,不顯示,做舊水洗靛藍,2020-05-18 10:37:30,https://awsresources.baozun.com/aws/96001088/20200320/121BD3C2093CF06AD868EFEB16FA37E9.jpg
1_000537954_FA16-34689,男裝淺色水洗翻領牛仔外套,2999.0,2099.0,000537954,8,不顯示,淺色輕微破洞,2020-03-17 16:01:57,https://awsresources.baozun.com/aws/96001088/20200219/9B869836F748AAF90736C928D2094490.jpg
1_000537963_HO11-11449,男裝棉質舒適翻領夾克外套,2999.0,2099.0,000537963,12,不顯示,淺棕色,2020-03-19 11:50:23,https://awsresources.baozun.com/aws/96001088/20200215/605FC09CFD646421D229D94553FE791C.jpg
199446WASHED BLACK,男裝棉質丹寧黑色水洗束口牛仔褲,2699.0,1699.0,000199446,22,不顯示,水洗黑,2020-02-21 17:27:54,https://awsresources.baozun.com/aws/96001088/20190816/EE218A1BE3B031CB67CC545D5340E2DB.jpg
355829WORN DARK,男裝深色簡約五口袋牛仔褲,1999.0,1199.0,000355829,20,不顯示,做舊牛仔,2020-02-21 17:27:54,https://awsresources.baozun.com/aws/96001088/20190927/21E9A1E034310F045DDF157B34597A83.jpg
1_000199476_HO13-31046,男裝棉質丹寧靛藍水洗束腳牛仔褲,2699.0,1699.0,000199476,19,不顯示,深色水洗做舊,2020-02-21 17:27:54,https://awsresources.baozun.com/aws/96001088/20191010/6C36041D375EB3A8E4B7449DBB7B91E7.jpg
1_000516554_FA15-33759,男裝直筒水洗牛仔褲,2299.0,1399.0,000516554,22,不顯示,淺色靛藍,2020-02-21 17:27:54,https://awsresources.baozun.com/aws/96001088/20191203/E324489B51CC7182CD5DBBA1E83C7BD1.jpg
941825RESIN,男裝水洗基本款五袋緊身牛仔褲,2299.0,1399.0,000941825,26,不顯示,深灰色,2020-03-02 15:00:20,https://awsresources.baozun.com/aws/96001088/20190927/32C7056C03A26046317EBC562B8854FA.jpg
1_000516550_H105-10476,男裝直筒牛仔褲休閒褲,2299.0,1399.0,000516550,3,不顯示,夜影,2020-02-21 17:27:54,https://awsresources.baozun.com/aws/96001088/20191101/27F1CFFB211D0214A675FA70710CE778.jpg
1_000516553_FA09-05876,男裝休閒直筒牛仔褲,2299.0,1609.0,000516553,2,不顯示,水洗松香色,2020-02-21 17:27:54,https://awsresources.baozun.com/aws/96001088/20191119/E153D5D0812DCBCAB90CFEE40C6F612A.jpg
349790VINTAGE,男裝休閒中腰直筒牛仔褲,2299.0,1399.0,000349790,26,不顯示,復古,2020-03-02 15:00:20,https://awsresources.baozun.com/aws/96001088/20190922/D278AB630EC6D51467EAB404A31AC586.jpg
225549RESIN RINSE,男裝基本款修身直筒樹脂水洗彈力牛仔褲,2299.0,1399.0,000225549,17,不顯示,水洗藏藍,2020-03-02 15:00:20,https://awsresources.baozun.com/aws/96001088/20200224/0676241E1F28B1EE0955F8AA752CED99.jpg
1_000645165_SM14-32223,男裝時尚深色磨白牛仔褲,1999.0,1199.0,000645165,8,不顯示,黑色水洗,2020-02-21 17:27:55,https://awsresources.baozun.com/aws/96001088/20200323/C9D380551CB74AEA6BCC0DE302EFF32B.jpg
1_000518566_SP16-34287,男裝舒適高腰修身牛仔褲,2299.0,1399.0,000518566,20,不顯示,深藍色,2020-02-21 17:27:55,https://awsresources.baozun.com/aws/96001088/20191114/4B0FEE25E2D253FBB9F4595B189ECE2E.jpg
644885DARK BLUE,男裝基本款時尚舒適純棉直筒牛仔褲,2299.0,1609.0,000644885,8,不顯示,深藍,2020-02-21 17:27:55,https://awsresources.baozun.com/aws/96001088/20191231/107F429FF35F496B393A444BC8F78F6C.jpg
647267DARK INDIGO 1,男裝基本款簡約風格直筒牛仔褲,1999.0,1399.0,000647267,50,不顯示,深靛藍色,2020-02-21 17:27:55,https://awsresources.baozun.com/aws/96001088/20190816/ED1E963D230631405FE5E3C8A98B6172.jpg
912027MEDIUM DARK TINT,男裝1969丹甯深色水洗修身直筒牛仔褲,1999.0,1399.0,000912027,26,不顯示,深藍色,2020-02-21 17:27:55,https://awsresources.baozun.com/aws/96001088/20200224/1C10D867B929F78ABD42F4A028E314BF.jpg
912035RINSED,男裝深色水洗緊身窄腿牛仔褲,1999.0,1199.0,000912035,3,不顯示,水洗色,2020-02-21 17:27:55,https://awsresources.baozun.com/aws/96001088/20190831/54A293EAE913127F6FC0CCB80FA40BD9.jpg
355308BRIGHT MEDIUM,男裝彈力水洗直筒牛仔褲,2299.0,1609.0,000355308,24,不顯示,中度淡藍色,2020-03-02 15:00:20,https://awsresources.baozun.com/aws/96001088/20190927/2F0A20977DC6CA2E4EF494374021DBB9.jpg
989783BLACK,男裝黑色水洗中腰直筒牛仔褲,2299.0,1399.0,000989783,20,不顯示,黑色,2020-02-21 17:27:55,https://awsresources.baozun.com/aws/96001088/20190927/5D6DA87AADF2EEC2FBA686511602C9EB.jpg
1_000942590_SM14-32064,男裝時尚純色直筒牛仔褲,1699.0,1189.0,000942590,4,不顯示,水洗藏藍,2020-02-21 17:27:55,https://awsresources.baozun.com/aws/96001088/20200323/9065C6FBE083D03BF46CCF68BEE41FC8.jpg
180217RESIN RINSE,男裝基本款百搭修身中腰休閒牛仔褲,2299.0,1399.0,000180217,41,不顯示,水洗藏藍,2020-02-21 17:27:55,https://awsresources.baozun.com/aws/96001088/20190816/D69981246D2989B9B088A0F19E19E817.jpg
941822BLACK,男裝基本款復古黑色緊身水洗棉質牛仔褲,2299.0,1399.0,000941822,20,不顯示,黑色,2020-03-02 15:00:20,https://awsresources.baozun.com/aws/96001088/20190927/39370C19E60CF3C3713179212B69CD3C.jpg
1_000225554_F106-04396,男裝基本款修身直筒雙彈牛仔褲,2299.0,1609.0,000225554,27,不顯示,中度靛藍,2020-04-28 10:23:29,https://awsresources.baozun.com/aws/96001088/20200323/28742CE68E5348B6D8D5C3F0A57ED82F.jpg
443221DARK INDIGO V2,女裝塑形中腰緊身牛仔褲,2699.0,1889.0,000443221,12,不顯示,藏青色,2020-03-16 14:01:16,https://awsresources.baozun.com/aws/96001088/20191217/9D7CF501EAAFD2854DE8549D28BE1996.jpg
1_000499909_H106-11036,女裝簡約純色五口袋牛仔長褲,1699.0,1189.0,000499909,3,不顯示,淺靛藍,2020-05-29 11:14:04,https://awsresources.baozun.com/aws/96001088/20200323/08A29EE3139C590D6CDB32421968B6F3.jpg
417893TRUE BLACK V2,女裝簡約純色大口袋鬆緊休閒褲,1999.0,999.0,000417893,33,不顯示,純正黑色,2020-02-21 17:28:00,https://awsresources.baozun.com/aws/96001088/20200224/F0539309E727D0D44D7006EC7925797C.jpg
417893BABY TWEED,女裝簡約純色大口袋鬆緊休閒褲,1999.0,999.0,000417893,25,不顯示,橄欖綠,2020-02-21 17:28:00,https://awsresources.baozun.com/aws/96001088/20190816/CDACDA9403304173EDE6DE8C7D78F79F.jpg
1_000567943_HO10-11603,女裝Logo棉質縮口鬆緊休閒褲,1499.0,749.0,000567943,39,不顯示,海軍藍色,2020-03-17 16:02:11,https://awsresources.baozun.com/aws/96001088/20200323/B5E6B3BF8164334035ADA5B39BF82B18.jpg
1_000567943_HO15-34044,女裝Logo棉質縮口鬆緊休閒褲,1499.0,749.0,000567943,11,不顯示,亮麻灰色,2020-03-17 16:02:11,https://awsresources.baozun.com/aws/96001088/20200323/C8A9261B2C077F99A9E8D41D069B4CC9.jpg
417893VINTAGE NAVY 635,女裝簡約純色大口袋鬆緊休閒褲,1999.0,999.0,000417893,40,不顯示,復古海軍藍,2020-02-21 17:28:00,https://awsresources.baozun.com/aws/96001088/20190816/A0A2B1694A6BF82EAB6C434E104A56D5.jpg
1_000567943_HO12-28148,女裝Logo棉質縮口鬆緊休閒褲,1499.0,749.0,000567943,36,不顯示,黑色,2020-05-11 11:02:51,https://awsresources.baozun.com/aws/96001088/20200323/0283A1DF4EF6A605B828506D2CEACECC.jpg
1_000542608_HO12-28148,女裝簡約純色鬆緊羅紋縮口休閒褲,2299.0,1149.0,000542608,9,不顯示,正黑色,2020-04-09 10:15:58,https://awsresources.baozun.com/aws/96001088/20200416/B4E5C6080510388B2EA76ECBB95B57F0.jpg
1_000542608_M214-34169,女裝簡約純色鬆緊羅紋縮口休閒褲,2299.0,1609.0,000542608,6,不顯示,軍綠色,2020-04-09 10:15:58,https://awsresources.baozun.com/aws/96001088/20200211/15323F90C2473B18D3D39F43428B06D1.jpg
495924TRUE BLACK,女裝簡約純色修身毛邊褲腳長褲,2699.0,1889.0,000495924,3,不顯示,正黑色,2020-02-21 17:28:00,https://awsresources.baozun.com/aws/96001088/20190831/7B48ABDA76384F54FBBE0FC1031E22F1.jpg
1_000442191_FA11-07290,女裝棉質舒適寬版休閒褲,1999.0,1399.0,000442191,3,不顯示,純正黑色,2020-05-18 10:37:28,https://awsresources.baozun.com/aws/96001088/20200323/722AEAEE3835DB54E2389CA3A21BCD47.jpg
1_000567942_HO10-11260,女裝Logo棉質鬆緊針織褲,1499.0,1049.0,000567942,4,不顯示,蔚藍色,2020-03-17 16:02:11,https://awsresources.baozun.com/aws/96001088/20200323/167C0482B64C90145ECB0D101604CD47.jpg
1_000442191_SB13-32284,女裝棉質舒適闊腿型休閒褲,1999.0,999.0,000442191,3,不顯示,象牙白,2020-02-21 17:28:01,https://awsresources.baozun.com/aws/96001088/20200323/B25F67E5C3409E76AA9A0F1AA3B5C369.jpg
1_000567942_SB13-32325,女裝Logo棉質鬆緊針織褲,1499.0,1049.0,000567942,1,不顯示,紅色,2020-03-17 16:02:11,https://awsresources.baozun.com/aws/96001088/20200323/D2C00529BC1B6EA2C0C236F5752BD90D.jpg
357378NAVY HEATHER,女裝磨毛雙羅紋直筒九分褲,1699.0,1189.0,000357378,1,不顯示,混合海軍藍,2020-05-29 11:14:13,https://awsresources.baozun.com/aws/96001088/20190816/931A770FC937A1FA39D2B13D4BAB2329.jpg
1_000231887_HO09-13861,女裝舒適純色V領短袖T恤,799.0,559.0,000231887,57,不顯示,光感白,2020-02-21 17:28:10,https://awsresources.baozun.com/aws/96001088/20200102/E0E6BF50E266EF1AAF28B7EA8595E72B.jpg
1_000231887_FA11-07290,女裝棉質舒適V領短袖T恤,799.0,559.0,000231887,116,不顯示,純正黑色,2020-02-21 17:28:10,https://awsresources.baozun.com/aws/96001088/20200219/05BCACA96A4549F05877D21AD47F66F2.jpg
241902TRUE INDIGO 2,女裝莫代爾圓領短袖T恤,799.0,559.0,000241902,62,不顯示,純靛藍色,2020-05-18 10:37:35,https://awsresources.baozun.com/aws/96001088/20190816/1A97E8A14F57D47E1B62236ACB33B458.jpg
1_000540785_FA15-33466,女裝高質感厚磅休閒基本款圓領短袖T恤,999.0,699.0,000540785,20,不顯示,駝色,2020-03-11 15:46:23,https://awsresources.baozun.com/aws/96001088/20200320/BC6ADAAAE95FAEB67BDDEAA2629C4BD0.jpg
1_000540785_H106-10486,女裝高質感厚磅棉質舒適圓領短袖T恤,999.0,699.0,000540785,50,不顯示,白色,2020-03-11 15:46:23,https://awsresources.baozun.com/aws/96001088/20200224/A3DA23B1D180B962F6D0E53E3E5D9609.jpg
1_000540785_SP13-29616,女裝高質感厚磅休閒基本款圓領短袖T恤,999.0,699.0,000540785,31,不顯示,陽光灰色,2020-03-11 15:46:23,https://awsresources.baozun.com/aws/96001088/20200429/847591B971F15918D3D2AEB96B378DCA.jpg
1_000544856_SB13-33136,女裝Logo基本款圓領休閒上衣,1499.0,1049.0,000544856,0,不顯示,170/108A(XL),2020-03-17 16:02:05,https://awsresources.baozun.com/aws/96001088/20200106/06BD5C7ACBAED9919D6560BE785EA2D1.jpg
1_000540795_H105-09596,女裝高質感厚磅棉質舒適條紋圓領短袖T恤,1299.0,909.0,000540795,14,不顯示,條紋海軍藍,2020-03-11 15:46:23,https://awsresources.baozun.com/aws/96001088/20200224/AD04B015583D6F643F260A0A24AE3CE5.jpg
241902TRUE BLACK,女裝莫代爾圓領短袖T恤,799.0,559.0,000241902,93,不顯示,正黑色,2020-05-18 10:37:35,https://awsresources.baozun.com/aws/96001088/20190816/D284512D39614809F8FB1A83C2C7F1A9.jpg
1_000567669_HO07-12789,女裝Gap x Disney 迪士尼系列冰雪奇緣棉質寬鬆圓領短袖T恤,999.0,699.0,000567669,17,不顯示,新鮮薄荷綠,2020-03-17 16:02:09,https://awsresources.baozun.com/aws/96001088/20200218/27D4A232CDE435C9A0BE66CC3DC6038E.jpg
1_000567669_SB13-32232,女裝Gap x Disney 迪士尼系列冰雪奇緣棉質寬鬆圓領短袖T恤,999.0,699.0,000567669,17,不顯示,光感亮白,2020-05-29 11:14:09,https://awsresources.baozun.com/aws/96001088/20200218/E3562B41A09D811CD05830374B0E788F.jpg
1_000567669_FA17-36700,女裝Gap x Disney 迪士尼系列冰雪奇緣棉質寬鬆圓領短袖T恤,999.0,699.0,000567669,5,不顯示,海軍藍白條紋,2020-03-17 16:02:09,https://awsresources.baozun.com/aws/96001088/20200407/A242F183F74D2BC5A9CA643E5E4B626C.jpg
241902HEATHER GREY,女裝莫代爾圓領短袖T恤,799.0,559.0,000241902,20,不顯示,石楠灰,2020-05-18 10:37:35,https://awsresources.baozun.com/aws/96001088/20190816/434D7C47C5439726492FBFC10443AC85.jpg
1_000260202_F105-01461,女裝Logo棉質舒適圓領短袖T恤,799.0,399.0,000260202,181,不顯示,淺麻灰色,2020-04-17 10:57:29,https://awsresources.baozun.com/aws/96001088/20200407/5F9032990146C4F81E5468AE479EA3D3.jpg
1_000231912_HO09-13861,女裝純色圓領短袖T恤,799.0,559.0,000231912,93,不顯示,光感白,2020-04-09 10:14:19,https://awsresources.baozun.com/aws/96001088/20200323/D34C9AC88A051BE764BC00266723D464.jpg
1_000567669_SP18-38544,女裝Gap x Disney 迪士尼系列冰雪奇緣棉質寬鬆圓領短袖T恤,999.0,699.0,000567669,1,不顯示,藍白相間條紋,2020-03-17 16:02:09,https://awsresources.baozun.com/aws/96001088/20200218/6DC43A45B15FAE9C1640D9E80F416310.jpg
1_000231887_HO10-11603,女裝棉質舒適V領短袖T恤,799.0,559.0,000231887,52,不顯示,海軍藍色,2020-02-21 17:28:11,https://awsresources.baozun.com/aws/96001088/20200219/9E2D1C7C6288286DECE65218DAFC3C7D.jpg
231912LIVING CORAL 16-1546TC,女裝復古短袖圓領T恤,799.0,559.0,000231912,7,不顯示,珊瑚色,2020-02-21 17:28:11,https://awsresources.baozun.com/aws/96001088/20190831/41411FFBF0B441EB0911C82D6A249FB6.jpg
1_000501071_SB13-32567,女裝Logo徽標棉質舒適圓領短袖T恤,999.0,499.0,000501071,62,不顯示,牛奶白色,2020-03-17 16:01:56,https://awsresources.baozun.com/aws/96001088/20200224/4147A933E23CBB4061E7DDA5E1A5973E.jpg
231912SOFT BLACK V2,女裝復古短袖圓領T恤,799.0,559.0,000231912,63,不顯示,灰黑色,2020-02-21 17:28:11,https://awsresources.baozun.com/aws/96001088/20190831/97DF6C3F82639E427D8DC92A693738BE.jpg
355309B10 GREY HEATHER,女裝簡約Logo徽標圓領短袖T恤,799.0,399.0,000355309,92,不顯示,麻灰色,2020-05-29 11:14:13,https://awsresources.baozun.com/aws/96001088/20200416/FE0AFA9A2F65CABD82902BFF73032960.jpg
223578B10 GREY HEATHER,女裝Logo活力棉質短袖T恤,799.0,559.0,000223578,156,不顯示,麻灰色,2020-04-26 14:54:22,https://awsresources.baozun.com/aws/96001088/20190816/F1C496C9C8C96F1B97EDD680DED3155C.jpg
1_000260202_SP03-21530,女裝Logo城市主題字母圖案短袖T恤,799.0,399.0,000260202,160,不顯示,粉色,2020-04-17 10:57:29,https://awsresources.baozun.com/aws/96001088/20200416/3ED72A2070081F8BE1A98817335002FB.jpg
355309NAVY UNIFORM,女裝簡約Logo徽標圓領短袖T恤,799.0,399.0,000355309,188,不顯示,海軍藍色,2020-05-29 11:14:13,https://awsresources.baozun.com/aws/96001088/20200311/3DFC7D2B32B6E9118ED469755BCA0EE6.jpg
1_000223578_BA00-00295,女裝Logo活力棉質短袖T恤,799.0,559.0,000223578,330,不顯示,羽白色,2020-04-23 10:08:25,https://awsresources.baozun.com/aws/96001088/20200116/764564572B13575048EA150CF68043AE.jpg
231912PURPLE HYDRANGEA,女裝復古短袖圓領T恤,799.0,559.0,000231912,33,不顯示,粉紫色,2020-05-29 11:14:13,https://awsresources.baozun.com/aws/96001088/20190816/2A45577D7046F4F891BD6E3B2A3A4B1D.jpg
865314TRUE BLACK V2 2,女裝復古純色絲絨荷葉邊無袖上衣,2299.0,1609.0,000865314,1,不顯示,純正黑,2020-05-18 10:37:37,https://awsresources.baozun.com/aws/96001088/20190816/E2A912EAD4ECD9B0634B987B14B7C7E4.jpg
256468WICKER,女裝寬鬆都市風中腰短褲,899.0,629.0,000256468,5,不顯示,淺卡其色,2020-05-29 11:14:13,https://awsresources.baozun.com/aws/96001088/20190816/F7614A62F00C8B7EC5CDD30E8ACF7191.jpg
1_000582267_SP19-40341,女裝撞色條紋V領針織背心,999.0,699.0,000582267,0,新品,橄欖色藍色條紋,2020-06-05 10:36:59,https://awsresources.baozun.com/aws/96001088/20200520/9EE29F330091F47D3AF839A568551023.png
1_000268820_SM20-41711,女裝Logo棉質舒適圓領短袖T恤,799.0,399.0,000268820,0,新品,綠色,2020-06-05 10:36:55,https://awsresources.baozun.com/aws/96001088/20200521/E7D1A4DEFE6E6ADCF4795C25E97EB672.jpg
1_000268820_SP20-41297,女裝Logo棉質舒適圓領短袖T恤,799.0,399.0,000268820,0,新品,黃色,2020-06-05 10:36:55,https://awsresources.baozun.com/aws/96001088/20200521/946BCFED0B21BB9A1EC5E1C0A1428748.jpg
1_000582267_SM20-35144,女裝撞色條紋V領針織背心,999.0,699.0,000582267,0,新品,多彩條紋,2020-06-05 10:36:59,https://awsresources.baozun.com/aws/96001088/20200512/09EFF65066C6E3E865EDBC50318622E9.jpg
1_000573732_H106-09828,女裝深色水洗休閒牛仔短褲,1999.0,1399.0,000573732,0,新品,水洗黑,2020-06-05 10:36:57,https://awsresources.baozun.com/aws/96001088/20200512/863E3D8DE5651CC343C137BFD613D0C1.jpg
1_000573731_H106-09828,女裝深色水洗五口袋牛仔短褲,1999.0,1399.0,000573731,0,新品,水洗黑,2020-06-05 10:36:57,https://awsresources.baozun.com/aws/96001088/20200512/DEB35CF22FFF82A8EE051E5E6497FE08.jpg
1_000573724_SP13-30083,女裝時尚純色五口袋牛仔褲,2799.0,1959.0,000573724,0,新品,白色,2020-06-05 10:36:57,https://awsresources.baozun.com/aws/96001088/20200519/F0B24A0BC82DF7BDA84CF6FF500F1CD0.jpg
1_000589675_HO10-11603,女裝舒適Logo鬆緊腰休閒短褲,1299.0,649.0,000589675,0,新品,海軍藍色,2020-06-05 10:37:00,https://awsresources.baozun.com/aws/96001088/20200519/B832B3CD11F1FDB80CE9FA94BA91168D.jpg
1_000589675_SB13-32325,女裝舒適Logo鬆緊腰休閒短褲,1299.0,649.0,000589675,0,新品,玫瑰花叢,2020-06-05 10:37:00,https://awsresources.baozun.com/aws/96001088/20200519/FE8BBF324575D599D112E2ADF82FF995.jpg
1_000589675_HO15-34044,女裝舒適Logo鬆緊腰休閒短褲,1299.0,649.0,000589675,0,新品,亮麻灰色,2020-06-05 10:37:00,https://awsresources.baozun.com/aws/96001088/20200519/AB5E8E46D7B4EE3B8AC830B6B1E821DD.jpg
1_000589675_HO10-11260,女裝舒適Logo鬆緊腰休閒短褲,1299.0,649.0,000589675,0,新品,蔚藍色,2020-06-05 10:37:00,https://awsresources.baozun.com/aws/96001088/20200519/1F34F14AAD2F6B5C2F341BD3DE72443C.jpg
1_000583226_H106-10815,女裝清爽條紋直筒型半身長裙,2299.0,1149.0,000583226,0,新品,藍白相間條紋,2020-06-05 10:37:00,https://awsresources.baozun.com/aws/96001088/20200512/D9DCC0EB5709714512A476AB51F7AD5E.jpg
1_000583117_HO19-41376,女裝時尚條紋開領短袖洋裝,2999.0,1499.0,000583117,0,新品,海軍藍窗格花紋,2020-06-05 10:36:59,https://awsresources.baozun.com/aws/96001088/20200512/844A0B5BE4AEB12A23A42E171258471F.jpg
1_000583031_SM18-38959,女裝活力花卉分層式吊帶洋裝,2799.0,1399.0,000583031,0,新品,藍色熱帶花卉,2020-06-05 10:36:59,https://awsresources.baozun.com/aws/96001088/20200512/A9F794489CDBB741477C42A7DB095A28.jpg
1_000582268_M114-32394,女裝時尚印花圓領短袖T恤,999.0,699.0,000582268,0,新品,新海軍藍,2020-06-05 10:36:59,https://awsresources.baozun.com/aws/96001088/20200512/22B144BAD4C331A637B4DE464E294ECA.jpg
1_000582267_SM17-36937,女裝撞色條紋V領針織背心,999.0,699.0,000582267,0,新品,海軍藍條紋,2020-06-05 10:36:59,https://awsresources.baozun.com/aws/96001088/20200512/33673BBAC88B436B2D389EF5E000C4EC.jpg
1_000577948_H105-09802,女裝亞麻混紡條紋休閒上衣,1999.0,1399.0,000577948,0,新品,紫粉,2020-06-05 10:36:59,https://awsresources.baozun.com/aws/96001088/20200512/A9CB8E306757191683ACD1B862029B0B.jpg
1_000577945_SM14-32067,女裝活力花卉圓領短袖襯衫,1999.0,1399.0,000577945,0,新品,棕櫚樹圖案,2020-06-05 10:36:59,https://awsresources.baozun.com/aws/96001088/20200512/E23F14EF7F8CC925E7101C5CAB000493.jpg
1_000577945_SP18-38539,女裝活力花卉圓領短袖襯衫,1999.0,1399.0,000577945,0,新品,藍底印花,2020-06-05 10:36:59,https://awsresources.baozun.com/aws/96001088/20200512/7C1DBA92B048CEF4EF5CFC6812C521A1.jpg
1_000577662_SP18-38051,女裝撞色條紋翻領短袖襯衫,1999.0,1399.0,000577662,0,新品,彩色條紋,2020-06-05 10:36:58,https://awsresources.baozun.com/aws/96001088/20200512/E45C9DD40E2C9A5ED5799EA013D6457C.jpg
